<?xml version="1.0" encoding="UTF-8"?>
<project-private xmlns="http://www.netbeans.org/ns/project-private/1">
    <editor-bookmarks xmlns="http://www.netbeans.org/ns/editor-bookmarks/2" lastBookmarkId="0"/>
    <open-files xmlns="http://www.netbeans.org/ns/projectui-open-files/2">
        <group>
            <file>file:/C:/Users/A13003975/OneDrive/JAVA%20PROJECTS/Cafe/src/Dominio/Bolsa.java</file>
            <file>file:/C:/Users/A13003975/OneDrive/JAVA%20PROJECTS/Cafe/src/Dominio/CajaC.java</file>
            <file>file:/C:/Users/A13003975/OneDrive/JAVA%20PROJECTS/Cafe/src/Test/CafeMain.java</file>
            <file>file:/C:/Users/A13003975/OneDrive/JAVA%20PROJECTS/Cafe/src/Dominio/Caja.java</file>
            <file>file:/C:/Users/A13003975/OneDrive/JAVA%20PROJECTS/Cafe/src/Empaque/Empaque.java</file>
        </group>
    </open-files>
</project-private>
